[{"model": "admin.logentry", "pk": 1, "fields": {"action_time": "2023-09-05T08:35:48.759Z", "user": 1, "content_type": 6, "object_id": "1", "object_repr": "stiloonwa4u@yahoo.com", "action_flag": 2, "change_message": "[]"}}, {"model": "admin.logentry", "pk": 2, "fields": {"action_time": "2023-09-10T08:14:19.856Z", "user": 1, "content_type": 14, "object_id": "1", "object_repr": "Interior Finishings", "action_flag": 1, "change_message": "[{\"added\": {}}]"}}, {"model": "admin.logentry", "pk": 3, "fields": {"action_time": "2023-09-10T08:14:29.880Z", "user": 1, "content_type": 14, "object_id": "2", "object_repr": "Clothings", "action_flag": 1, "change_message": "[{\"added\": {}}]"}}, {"model": "admin.logentry", "pk": 4, "fields": {"action_time": "2023-09-10T08:14:45.955Z", "user": 1, "content_type": 14, "object_id": "3", "object_repr": "Shoes", "action_flag": 1, "change_message": "[{\"added\": {}}]"}}, {"model": "admin.logentry", "pk": 5, "fields": {"action_time": "2023-09-10T08:14:59.969Z", "user": 1, "content_type": 14, "object_id": "4", "object_repr": "Smart Home Gadgets", "action_flag": 1, "change_message": "[{\"added\": {}}]"}}, {"model": "admin.logentry", "pk": 6, "fields": {"action_time": "2023-09-10T08:15:18.392Z", "user": 1, "content_type": 14, "object_id": "5", "object_repr": "Phones and Computers", "action_flag": 1, "change_message": "[{\"added\": {}}]"}}, {"model": "admin.logentry", "pk": 7, "fields": {"action_time": "2023-09-10T08:16:19.684Z", "user": 1, "content_type": 14, "object_id": "6", "object_repr": "Office Wares", "action_flag": 1, "change_message": "[{\"added\": {}}]"}}, {"model": "admin.logentry", "pk": 8, "fields": {"action_time": "2023-09-10T08:16:34.722Z", "user": 1, "content_type": 14, "object_id": "7", "object_repr": "Furniture (Office and Home)", "action_flag": 1, "change_message": "[{\"added\": {}}]"}}, {"model": "admin.logentry", "pk": 9, "fields": {"action_time": "2023-09-10T08:30:26.169Z", "user": 1, "content_type": 14, "object_id": "8", "object_repr": "Jewelry", "action_flag": 1, "change_message": "[{\"added\": {}}]"}}, {"model": "admin.logentry", "pk": 10, "fields": {"action_time": "2023-09-10T08:30:41.985Z", "user": 1, "content_type": 14, "object_id": "9", "object_repr": "Tech Gadgets", "action_flag": 1, "change_message": "[{\"added\": {}}]"}}, {"model": "admin.logentry", "pk": 11, "fields": {"action_time": "2023-09-10T08:36:32.608Z", "user": 1, "content_type": 14, "object_id": "5", "object_repr": "Phones, Games and Computers", "action_flag": 2, "change_message": "[{\"changed\": {\"fields\": [\"Title\"]}}]"}}, {"model": "admin.logentry", "pk": 12, "fields": {"action_time": "2023-09-10T08:41:47.886Z", "user": 1, "content_type": 14, "object_id": "5", "object_repr": "Phones and Computers", "action_flag": 2, "change_message": "[{\"changed\": {\"fields\": [\"Title\"]}}]"}}, {"model": "admin.logentry", "pk": 13, "fields": {"action_time": "2023-09-10T08:42:01.241Z", "user": 1, "content_type": 14, "object_id": "9", "object_repr": "Games and Tech Gadgets", "action_flag": 2, "change_message": "[{\"changed\": {\"fields\": [\"Title\"]}}]"}}, {"model": "admin.logentry", "pk": 14, "fields": {"action_time": "2023-09-10T08:49:03.663Z", "user": 1, "content_type": 14, "object_id": "10", "object_repr": "Smart KeyLocks", "action_flag": 1, "change_message": "[{\"added\": {}}]"}}, {"model": "admin.logentry", "pk": 15, "fields": {"action_time": "2023-09-10T09:32:36.139Z", "user": 1, "content_type": 14, "object_id": "10", "object_repr": "Smart KeyLocks", "action_flag": 2, "change_message": "[{\"changed\": {\"fields\": [\"Image\"]}}]"}}, {"model": "admin.logentry", "pk": 16, "fields": {"action_time": "2023-09-10T09:32:57.467Z", "user": 1, "content_type": 14, "object_id": "3", "object_repr": "Shoes", "action_flag": 2, "change_message": "[{\"changed\": {\"fields\": [\"Image\"]}}]"}}, {"model": "admin.logentry", "pk": 17, "fields": {"action_time": "2023-09-10T09:33:10.876Z", "user": 1, "content_type": 14, "object_id": "2", "object_repr": "Clothings", "action_flag": 2, "change_message": "[{\"changed\": {\"fields\": [\"Image\"]}}]"}}, {"model": "admin.logentry", "pk": 18, "fields": {"action_time": "2023-09-10T09:37:21.296Z", "user": 1, "content_type": 14, "object_id": "11", "object_repr": "Cameras & Camcoders", "action_flag": 1, "change_message": "[{\"added\": {}}]"}}, {"model": "admin.logentry", "pk": 19, "fields": {"action_time": "2023-09-10T09:55:04.377Z", "user": 1, "content_type": 14, "object_id": "6", "object_repr": "Office Wares", "action_flag": 3, "change_message": ""}}, {"model": "admin.logentry", "pk": 20, "fields": {"action_time": "2023-09-10T09:56:27.055Z", "user": 1, "content_type": 14, "object_id": "7", "object_repr": "Furniture  and lightings", "action_flag": 2, "change_message": "[{\"changed\": {\"fields\": [\"Title\"]}}]"}}, {"model": "admin.logentry", "pk": 21, "fields": {"action_time": "2023-09-10T10:39:10.187Z", "user": 1, "content_type": 14, "object_id": "1", "object_repr": "Interior Finishings", "action_flag": 2, "change_message": "[{\"changed\": {\"fields\": [\"Image\"]}}]"}}, {"model": "admin.logentry", "pk": 22, "fields": {"action_time": "2023-09-10T10:39:18.741Z", "user": 1, "content_type": 14, "object_id": "11", "object_repr": "Cameras & Camcoders", "action_flag": 2, "change_message": "[{\"changed\": {\"fields\": [\"Image\"]}}]"}}, {"model": "admin.logentry", "pk": 23, "fields": {"action_time": "2023-09-10T10:39:29.394Z", "user": 1, "content_type": 14, "object_id": "9", "object_repr": "Games and Tech Gadgets", "action_flag": 2, "change_message": "[{\"changed\": {\"fields\": [\"Image\"]}}]"}}, {"model": "admin.logentry", "pk": 24, "fields": {"action_time": "2023-09-10T10:39:42.020Z", "user": 1, "content_type": 14, "object_id": "8", "object_repr": "Jewelry", "action_flag": 2, "change_message": "[{\"changed\": {\"fields\": [\"Image\"]}}]"}}, {"model": "admin.logentry", "pk": 25, "fields": {"action_time": "2023-09-10T10:39:53.491Z", "user": 1, "content_type": 14, "object_id": "7", "object_repr": "Furniture  and lightings", "action_flag": 2, "change_message": "[{\"changed\": {\"fields\": [\"Image\"]}}]"}}, {"model": "admin.logentry", "pk": 26, "fields": {"action_time": "2023-09-10T10:40:06.669Z", "user": 1, "content_type": 14, "object_id": "5", "object_repr": "Phones and Computers", "action_flag": 2, "change_message": "[]"}}, {"model": "admin.logentry", "pk": 27, "fields": {"action_time": "2023-09-10T10:40:19.023Z", "user": 1, "content_type": 14, "object_id": "4", "object_repr": "Smart Home Gadgets", "action_flag": 2, "change_message": "[{\"changed\": {\"fields\": [\"Image\"]}}]"}}, {"model": "admin.logentry", "pk": 28, "fields": {"action_time": "2023-09-10T11:04:55.655Z", "user": 1, "content_type": 14, "object_id": "5", "object_repr": "Phones and Computers", "action_flag": 2, "change_message": "[{\"changed\": {\"fields\": [\"Image\"]}}]"}}, {"model": "admin.logentry", "pk": 29, "fields": {"action_time": "2023-09-10T11:16:10.173Z", "user": 1, "content_type": 6, "object_id": "9", "object_repr": "OHP Finishings", "action_flag": 1, "change_message": "[{\"added\": {}}]"}}, {"model": "admin.logentry", "pk": 30, "fields": {"action_time": "2023-09-10T11:16:15.440Z", "user": 1, "content_type": 13, "object_id": "1", "object_repr": "OHP Finishings Ltd", "action_flag": 1, "change_message": "[{\"added\": {}}]"}}, {"model": "admin.logentry", "pk": 31, "fields": {"action_time": "2023-09-10T11:16:36.292Z", "user": 1, "content_type": 14, "object_id": "1", "object_repr": "Interior Finishings", "action_flag": 2, "change_message": "[]"}}, {"model": "admin.logentry", "pk": 32, "fields": {"action_time": "2023-09-10T12:10:03.145Z", "user": 1, "content_type": 9, "object_id": "1", "object_repr": "CWB 158C", "action_flag": 1, "change_message": "[{\"added\": {}}, {\"added\": {\"name\": \"product images\", \"object\": \"ProductImages object (1)\"}}, {\"added\": {\"name\": \"product images\", \"object\": \"ProductImages object (2)\"}}, {\"added\": {\"name\": \"product images\", \"object\": \"ProductImages object (3)\"}}]"}}, {"model": "admin.logentry", "pk": 33, "fields": {"action_time": "2023-09-10T12:11:45.814Z", "user": 1, "content_type": 9, "object_id": "2", "object_repr": "CWB 159", "action_flag": 1, "change_message": "[{\"added\": {}}, {\"added\": {\"name\": \"product images\", \"object\": \"ProductImages object (4)\"}}, {\"added\": {\"name\": \"product images\", \"object\": \"ProductImages object (5)\"}}, {\"added\": {\"name\": \"product images\", \"object\": \"ProductImages object (6)\"}}]"}}, {"model": "admin.logentry", "pk": 34, "fields": {"action_time": "2023-09-10T12:13:28.120Z", "user": 1, "content_type": 9, "object_id": "3", "object_repr": "CWB 167", "action_flag": 1, "change_message": "[{\"added\": {}}, {\"added\": {\"name\": \"product images\", \"object\": \"ProductImages object (7)\"}}, {\"added\": {\"name\": \"product images\", \"object\": \"ProductImages object (8)\"}}, {\"added\": {\"name\": \"product images\", \"object\": \"ProductImages object (9)\"}}]"}}, {"model": "admin.logentry", "pk": 35, "fields": {"action_time": "2023-09-10T12:15:32.165Z", "user": 1, "content_type": 9, "object_id": "4", "object_repr": "CWB 200D", "action_flag": 1, "change_message": "[{\"added\": {}}, {\"added\": {\"name\": \"product images\", \"object\": \"ProductImages object (10)\"}}, {\"added\": {\"name\": \"product images\", \"object\": \"ProductImages object (11)\"}}, {\"added\": {\"name\": \"product images\", \"object\": \"ProductImages object (12)\"}}]"}}, {"model": "admin.logentry", "pk": 36, "fields": {"action_time": "2023-09-10T12:17:29.071Z", "user": 1, "content_type": 9, "object_id": "5", "object_repr": "CWB 209", "action_flag": 1, "change_message": "[{\"added\": {}}, {\"added\": {\"name\": \"product images\", \"object\": \"ProductImages object (13)\"}}, {\"added\": {\"name\": \"product images\", \"object\": \"ProductImages object (14)\"}}, {\"added\": {\"name\": \"product images\", \"object\": \"ProductImages object (15)\"}}]"}}, {"model": "admin.logentry", "pk": 37, "fields": {"action_time": "2023-09-10T12:19:24.392Z", "user": 1, "content_type": 9, "object_id": "6", "object_repr": "CWC 610", "action_flag": 1, "change_message": "[{\"added\": {}}, {\"added\": {\"name\": \"product images\", \"object\": \"ProductImages object (16)\"}}, {\"added\": {\"name\": \"product images\", \"object\": \"ProductImages object (17)\"}}, {\"added\": {\"name\": \"product images\", \"object\": \"ProductImages object (18)\"}}]"}}, {"model": "admin.logentry", "pk": 38, "fields": {"action_time": "2023-09-10T12:20:04.017Z", "user": 1, "content_type": 9, "object_id": "6", "object_repr": "CWC 610", "action_flag": 2, "change_message": "[{\"changed\": {\"fields\": [\"Image\"]}}, {\"changed\": {\"name\": \"product images\", \"object\": \"ProductImages object (16)\", \"fields\": [\"Image\"]}}]"}}, {"model": "admin.logentry", "pk": 39, "fields": {"action_time": "2023-09-10T12:21:58.145Z", "user": 1, "content_type": 9, "object_id": "6", "object_repr": "CWC 610", "action_flag": 2, "change_message": "[{\"changed\": {\"fields\": [\"Featured\"]}}]"}}, {"model": "admin.logentry", "pk": 40, "fields": {"action_time": "2023-09-10T12:22:06.716Z", "user": 1, "content_type": 9, "object_id": "5", "object_repr": "CWB 209", "action_flag": 2, "change_message": "[{\"changed\": {\"fields\": [\"Featured\"]}}]"}}, {"model": "admin.logentry", "pk": 41, "fields": {"action_time": "2023-09-10T12:22:16.038Z", "user": 1, "content_type": 9, "object_id": "4", "object_repr": "CWB 200D", "action_flag": 2, "change_message": "[{\"changed\": {\"fields\": [\"Featured\"]}}]"}}, {"model": "admin.logentry", "pk": 42, "fields": {"action_time": "2023-09-10T12:22:24.870Z", "user": 1, "content_type": 9, "object_id": "3", "object_repr": "CWB 167", "action_flag": 2, "change_message": "[{\"changed\": {\"fields\": [\"Featured\"]}}]"}}, {"model": "admin.logentry", "pk": 43, "fields": {"action_time": "2023-09-10T12:22:32.911Z", "user": 1, "content_type": 9, "object_id": "2", "object_repr": "CWB 159", "action_flag": 2, "change_message": "[{\"changed\": {\"fields\": [\"Featured\"]}}]"}}, {"model": "admin.logentry", "pk": 44, "fields": {"action_time": "2023-09-10T12:22:40.761Z", "user": 1, "content_type": 9, "object_id": "1", "object_repr": "CWB 158C", "action_flag": 2, "change_message": "[{\"changed\": {\"fields\": [\"Featured\"]}}]"}}, {"model": "admin.logentry", "pk": 45, "fields": {"action_time": "2023-09-10T12:24:04.705Z", "user": 1, "content_type": 9, "object_id": "6", "object_repr": "CWC 610", "action_flag": 2, "change_message": "[{\"changed\": {\"fields\": [\"Product status\"]}}]"}}, {"model": "admin.logentry", "pk": 46, "fields": {"action_time": "2023-09-10T12:24:17.050Z", "user": 1, "content_type": 9, "object_id": "5", "object_repr": "CWB 209", "action_flag": 2, "change_message": "[{\"changed\": {\"fields\": [\"Product status\"]}}]"}}, {"model": "admin.logentry", "pk": 47, "fields": {"action_time": "2023-09-10T12:24:28.784Z", "user": 1, "content_type": 9, "object_id": "4", "object_repr": "CWB 200D", "action_flag": 2, "change_message": "[{\"changed\": {\"fields\": [\"Product status\"]}}]"}}, {"model": "admin.logentry", "pk": 48, "fields": {"action_time": "2023-09-10T12:24:39.762Z", "user": 1, "content_type": 9, "object_id": "3", "object_repr": "CWB 167", "action_flag": 2, "change_message": "[{\"changed\": {\"fields\": [\"Product status\"]}}]"}}, {"model": "admin.logentry", "pk": 49, "fields": {"action_time": "2023-09-10T12:24:49.605Z", "user": 1, "content_type": 9, "object_id": "1", "object_repr": "CWB 158C", "action_flag": 2, "change_message": "[{\"changed\": {\"fields\": [\"Product status\"]}}]"}}, {"model": "admin.logentry", "pk": 50, "fields": {"action_time": "2023-09-10T12:25:02.237Z", "user": 1, "content_type": 9, "object_id": "2", "object_repr": "CWB 159", "action_flag": 2, "change_message": "[{\"changed\": {\"fields\": [\"Product status\"]}}]"}}, {"model": "admin.logentry", "pk": 51, "fields": {"action_time": "2023-09-10T12:58:53.114Z", "user": 1, "content_type": 9, "object_id": "7", "object_repr": "CWB 250S", "action_flag": 1, "change_message": "[{\"added\": {}}, {\"added\": {\"name\": \"product images\", \"object\": \"ProductImages object (19)\"}}, {\"added\": {\"name\": \"product images\", \"object\": \"ProductImages object (20)\"}}, {\"added\": {\"name\": \"product images\", \"object\": \"ProductImages object (21)\"}}]"}}, {"model": "admin.logentry", "pk": 52, "fields": {"action_time": "2023-09-10T13:00:28.890Z", "user": 1, "content_type": 9, "object_id": "8", "object_repr": "CWB 204", "action_flag": 1, "change_message": "[{\"added\": {}}, {\"added\": {\"name\": \"product images\", \"object\": \"ProductImages object (22)\"}}, {\"added\": {\"name\": \"product images\", \"object\": \"ProductImages object (23)\"}}, {\"added\": {\"name\": \"product images\", \"object\": \"ProductImages object (24)\"}}]"}}, {"model": "admin.logentry", "pk": 53, "fields": {"action_time": "2023-09-10T13:02:12.173Z", "user": 1, "content_type": 9, "object_id": "9", "object_repr": "CWB 200C", "action_flag": 1, "change_message": "[{\"added\": {}}, {\"added\": {\"name\": \"product images\", \"object\": \"ProductImages object (25)\"}}, {\"added\": {\"name\": \"product images\", \"object\": \"ProductImages object (26)\"}}, {\"added\": {\"name\": \"product images\", \"object\": \"ProductImages object (27)\"}}]"}}, {"model": "admin.logentry", "pk": 54, "fields": {"action_time": "2023-09-10T13:03:46.438Z", "user": 1, "content_type": 9, "object_id": "10", "object_repr": "CWA 120", "action_flag": 1, "change_message": "[{\"added\": {}}, {\"added\": {\"name\": \"product images\", \"object\": \"ProductImages object (28)\"}}, {\"added\": {\"name\": \"product images\", \"object\": \"ProductImages object (29)\"}}, {\"added\": {\"name\": \"product images\", \"object\": \"ProductImages object (30)\"}}]"}}, {"model": "admin.logentry", "pk": 55, "fields": {"action_time": "2023-09-10T13:05:25.426Z", "user": 1, "content_type": 9, "object_id": "11", "object_repr": "CWA 163", "action_flag": 1, "change_message": "[{\"added\": {}}, {\"added\": {\"name\": \"product images\", \"object\": \"ProductImages object (31)\"}}, {\"added\": {\"name\": \"product images\", \"object\": \"ProductImages object (32)\"}}, {\"added\": {\"name\": \"product images\", \"object\": \"ProductImages object (33)\"}}]"}}, {"model": "admin.logentry", "pk": 56, "fields": {"action_time": "2023-09-10T13:07:05.825Z", "user": 1, "content_type": 9, "object_id": "12", "object_repr": "CWA 210", "action_flag": 1, "change_message": "[{\"added\": {}}, {\"added\": {\"name\": \"product images\", \"object\": \"ProductImages object (34)\"}}, {\"added\": {\"name\": \"product images\", \"object\": \"ProductImages object (35)\"}}, {\"added\": {\"name\": \"product images\", \"object\": \"ProductImages object (36)\"}}]"}}, {"model": "admin.logentry", "pk": 57, "fields": {"action_time": "2023-09-10T13:09:33.266Z", "user": 1, "content_type": 9, "object_id": "13", "object_repr": "CWB 159B", "action_flag": 1, "change_message": "[{\"added\": {}}, {\"added\": {\"name\": \"product images\", \"object\": \"ProductImages object (37)\"}}, {\"added\": {\"name\": \"product images\", \"object\": \"ProductImages object (38)\"}}, {\"added\": {\"name\": \"product images\", \"object\": \"ProductImages object (39)\"}}]"}}, {"model": "admin.logentry", "pk": 58, "fields": {"action_time": "2023-09-10T13:12:19.956Z", "user": 1, "content_type": 9, "object_id": "14", "object_repr": "CWB 159C", "action_flag": 1, "change_message": "[{\"added\": {}}, {\"added\": {\"name\": \"product images\", \"object\": \"ProductImages object (40)\"}}, {\"added\": {\"name\": \"product images\", \"object\": \"ProductImages object (41)\"}}, {\"added\": {\"name\": \"product images\", \"object\": \"ProductImages object (42)\"}}]"}}, {"model": "admin.logentry", "pk": 59, "fields": {"action_time": "2023-09-10T13:17:12.409Z", "user": 1, "content_type": 9, "object_id": "15", "object_repr": "CWB 177", "action_flag": 1, "change_message": "[{\"added\": {}}, {\"added\": {\"name\": \"product images\", \"object\": \"ProductImages object (43)\"}}, {\"added\": {\"name\": \"product images\", \"object\": \"ProductImages object (44)\"}}, {\"added\": {\"name\": \"product images\", \"object\": \"ProductImages object (45)\"}}]"}}, {"model": "admin.logentry", "pk": 60, "fields": {"action_time": "2023-09-10T13:19:08.031Z", "user": 1, "content_type": 9, "object_id": "16", "object_repr": "CWB 188", "action_flag": 1, "change_message": "[{\"added\": {}}, {\"added\": {\"name\": \"product images\", \"object\": \"ProductImages object (46)\"}}, {\"added\": {\"name\": \"product images\", \"object\": \"ProductImages object (47)\"}}, {\"added\": {\"name\": \"product images\", \"object\": \"ProductImages object (48)\"}}]"}}, {"model": "admin.logentry", "pk": 61, "fields": {"action_time": "2023-09-10T14:06:01.853Z", "user": 1, "content_type": 9, "object_id": "16", "object_repr": "CWB 188", "action_flag": 2, "change_message": "[{\"changed\": {\"fields\": [\"Vendor\"]}}]"}}, {"model": "admin.logentry", "pk": 62, "fields": {"action_time": "2023-09-10T14:06:21.896Z", "user": 1, "content_type": 9, "object_id": "15", "object_repr": "CWB 177", "action_flag": 2, "change_message": "[{\"changed\": {\"fields\": [\"Vendor\"]}}]"}}, {"model": "admin.logentry", "pk": 63, "fields": {"action_time": "2023-09-10T14:06:29.474Z", "user": 1, "content_type": 9, "object_id": "14", "object_repr": "CWB 159C", "action_flag": 2, "change_message": "[{\"changed\": {\"fields\": [\"Vendor\"]}}]"}}, {"model": "admin.logentry", "pk": 64, "fields": {"action_time": "2023-09-10T14:06:39.496Z", "user": 1, "content_type": 9, "object_id": "13", "object_repr": "CWB 159B", "action_flag": 2, "change_message": "[{\"changed\": {\"fields\": [\"Vendor\"]}}]"}}, {"model": "admin.logentry", "pk": 65, "fields": {"action_time": "2023-09-10T14:06:45.095Z", "user": 1, "content_type": 9, "object_id": "13", "object_repr": "CWB 159B", "action_flag": 2, "change_message": "[]"}}, {"model": "admin.logentry", "pk": 66, "fields": {"action_time": "2023-09-10T14:06:52.455Z", "user": 1, "content_type": 9, "object_id": "12", "object_repr": "CWA 210", "action_flag": 2, "change_message": "[{\"changed\": {\"fields\": [\"Vendor\"]}}]"}}, {"model": "admin.logentry", "pk": 67, "fields": {"action_time": "2023-09-10T14:07:01.810Z", "user": 1, "content_type": 9, "object_id": "11", "object_repr": "CWA 163", "action_flag": 2, "change_message": "[{\"changed\": {\"fields\": [\"Vendor\"]}}]"}}, {"model": "admin.logentry", "pk": 68, "fields": {"action_time": "2023-09-10T14:07:11.038Z", "user": 1, "content_type": 9, "object_id": "10", "object_repr": "CWA 120", "action_flag": 2, "change_message": "[{\"changed\": {\"fields\": [\"Vendor\"]}}]"}}, {"model": "admin.logentry", "pk": 69, "fields": {"action_time": "2023-09-10T14:07:21.869Z", "user": 1, "content_type": 9, "object_id": "9", "object_repr": "CWB 200C", "action_flag": 2, "change_message": "[{\"changed\": {\"fields\": [\"Vendor\"]}}]"}}, {"model": "admin.logentry", "pk": 70, "fields": {"action_time": "2023-09-10T14:07:31.847Z", "user": 1, "content_type": 9, "object_id": "9", "object_repr": "CWB 200C", "action_flag": 2, "change_message": "[]"}}, {"model": "admin.logentry", "pk": 71, "fields": {"action_time": "2023-09-10T14:07:41.486Z", "user": 1, "content_type": 9, "object_id": "8", "object_repr": "CWB 204", "action_flag": 2, "change_message": "[{\"changed\": {\"fields\": [\"Vendor\"]}}]"}}, {"model": "admin.logentry", "pk": 72, "fields": {"action_time": "2023-09-10T14:07:54.074Z", "user": 1, "content_type": 9, "object_id": "7", "object_repr": "CWB 250S", "action_flag": 2, "change_message": "[{\"changed\": {\"fields\": [\"Vendor\"]}}]"}}, {"model": "admin.logentry", "pk": 73, "fields": {"action_time": "2023-09-10T14:08:08.849Z", "user": 1, "content_type": 9, "object_id": "6", "object_repr": "CWC 610", "action_flag": 2, "change_message": "[{\"changed\": {\"fields\": [\"Vendor\"]}}]"}}, {"model": "admin.logentry", "pk": 74, "fields": {"action_time": "2023-09-10T14:08:30.363Z", "user": 1, "content_type": 9, "object_id": "5", "object_repr": "CWB 209", "action_flag": 2, "change_message": "[{\"changed\": {\"fields\": [\"Vendor\"]}}]"}}, {"model": "admin.logentry", "pk": 75, "fields": {"action_time": "2023-09-10T14:08:46.867Z", "user": 1, "content_type": 9, "object_id": "4", "object_repr": "CWB 200D", "action_flag": 2, "change_message": "[{\"changed\": {\"fields\": [\"Vendor\"]}}]"}}, {"model": "admin.logentry", "pk": 76, "fields": {"action_time": "2023-09-10T14:09:05.815Z", "user": 1, "content_type": 9, "object_id": "3", "object_repr": "CWB 167", "action_flag": 2, "change_message": "[{\"changed\": {\"fields\": [\"Vendor\"]}}]"}}, {"model": "admin.logentry", "pk": 77, "fields": {"action_time": "2023-09-10T14:09:24.053Z", "user": 1, "content_type": 9, "object_id": "2", "object_repr": "CWB 159", "action_flag": 2, "change_message": "[{\"changed\": {\"fields\": [\"Vendor\"]}}]"}}, {"model": "admin.logentry", "pk": 78, "fields": {"action_time": "2023-09-10T14:09:42.771Z", "user": 1, "content_type": 9, "object_id": "1", "object_repr": "CWB 158C", "action_flag": 2, "change_message": "[{\"changed\": {\"fields\": [\"Vendor\"]}}]"}}, {"model": "admin.logentry", "pk": 79, "fields": {"action_time": "2023-09-10T14:09:48.487Z", "user": 1, "content_type": 9, "object_id": "2", "object_repr": "CWB 159", "action_flag": 2, "change_message": "[]"}}, {"model": "admin.logentry", "pk": 80, "fields": {"action_time": "2023-09-10T14:09:54.390Z", "user": 1, "content_type": 9, "object_id": "1", "object_repr": "CWB 158C", "action_flag": 2, "change_message": "[]"}}, {"model": "admin.logentry", "pk": 81, "fields": {"action_time": "2023-09-10T14:09:59.736Z", "user": 1, "content_type": 9, "object_id": "3", "object_repr": "CWB 167", "action_flag": 2, "change_message": "[]"}}, {"model": "admin.logentry", "pk": 82, "fields": {"action_time": "2023-09-10T14:10:03.588Z", "user": 1, "content_type": 9, "object_id": "16", "object_repr": "CWB 188", "action_flag": 2, "change_message": "[]"}}, {"model": "admin.logentry", "pk": 83, "fields": {"action_time": "2023-09-12T11:31:38.742Z", "user": 1, "content_type": 13, "object_id": "1", "object_repr": "OHP Finishings Ltd", "action_flag": 2, "change_message": "[{\"changed\": {\"fields\": [\"Description\"]}}]"}}, {"model": "admin.logentry", "pk": 84, "fields": {"action_time": "2023-09-12T11:38:55.886Z", "user": 1, "content_type": 13, "object_id": "1", "object_repr": "OHP Finishings Ltd", "action_flag": 2, "change_message": "[{\"changed\": {\"fields\": [\"Image\"]}}]"}}, {"model": "admin.logentry", "pk": 85, "fields": {"action_time": "2023-09-14T11:41:10.658Z", "user": 1, "content_type": 13, "object_id": "1", "object_repr": "OHP Finishings Ltd", "action_flag": 2, "change_message": "[{\"changed\": {\"fields\": [\"Image\", \"Cover image\"]}}]"}}, {"model": "admin.logentry", "pk": 86, "fields": {"action_time": "2023-09-15T18:38:52.884Z", "user": 1, "content_type": 9, "object_id": "16", "object_repr": "CWB 188", "action_flag": 2, "change_message": "[]"}}, {"model": "admin.logentry", "pk": 87, "fields": {"action_time": "2023-09-16T14:48:38.115Z", "user": 1, "content_type": 9, "object_id": "16", "object_repr": "CWB 188", "action_flag": 2, "change_message": "[{\"changed\": {\"fields\": [\"Tags\"]}}]"}}, {"model": "admin.logentry", "pk": 88, "fields": {"action_time": "2023-09-16T14:48:51.785Z", "user": 1, "content_type": 9, "object_id": "15", "object_repr": "CWB 177", "action_flag": 2, "change_message": "[{\"changed\": {\"fields\": [\"Tags\"]}}]"}}, {"model": "admin.logentry", "pk": 89, "fields": {"action_time": "2023-09-16T14:49:03.122Z", "user": 1, "content_type": 9, "object_id": "14", "object_repr": "CWB 159C", "action_flag": 2, "change_message": "[{\"changed\": {\"fields\": [\"Tags\"]}}]"}}, {"model": "admin.logentry", "pk": 90, "fields": {"action_time": "2023-09-16T14:49:14.707Z", "user": 1, "content_type": 9, "object_id": "13", "object_repr": "CWB 159B", "action_flag": 2, "change_message": "[{\"changed\": {\"fields\": [\"Tags\"]}}]"}}, {"model": "admin.logentry", "pk": 91, "fields": {"action_time": "2023-09-16T14:49:24.147Z", "user": 1, "content_type": 9, "object_id": "13", "object_repr": "CWB 159B", "action_flag": 2, "change_message": "[]"}}, {"model": "admin.logentry", "pk": 92, "fields": {"action_time": "2023-09-16T14:49:35.300Z", "user": 1, "content_type": 9, "object_id": "11", "object_repr": "CWA 163", "action_flag": 2, "change_message": "[{\"changed\": {\"fields\": [\"Tags\"]}}]"}}, {"model": "admin.logentry", "pk": 93, "fields": {"action_time": "2023-09-16T14:49:48.878Z", "user": 1, "content_type": 9, "object_id": "10", "object_repr": "CWA 120", "action_flag": 2, "change_message": "[{\"changed\": {\"fields\": [\"Tags\"]}}]"}}, {"model": "admin.logentry", "pk": 94, "fields": {"action_time": "2023-09-16T14:50:04.691Z", "user": 1, "content_type": 9, "object_id": "9", "object_repr": "CWB 200C", "action_flag": 2, "change_message": "[{\"changed\": {\"fields\": [\"Tags\"]}}]"}}, {"model": "admin.logentry", "pk": 95, "fields": {"action_time": "2023-09-16T14:50:23.613Z", "user": 1, "content_type": 9, "object_id": "8", "object_repr": "CWB 204", "action_flag": 2, "change_message": "[{\"changed\": {\"fields\": [\"Tags\"]}}]"}}, {"model": "admin.logentry", "pk": 96, "fields": {"action_time": "2023-09-16T14:50:35.865Z", "user": 1, "content_type": 9, "object_id": "7", "object_repr": "CWB 250S", "action_flag": 2, "change_message": "[{\"changed\": {\"fields\": [\"Tags\"]}}]"}}, {"model": "admin.logentry", "pk": 97, "fields": {"action_time": "2023-09-16T14:50:52.943Z", "user": 1, "content_type": 9, "object_id": "6", "object_repr": "CWC 610", "action_flag": 2, "change_message": "[{\"changed\": {\"fields\": [\"Tags\"]}}]"}}, {"model": "admin.logentry", "pk": 98, "fields": {"action_time": "2023-09-16T14:51:08.165Z", "user": 1, "content_type": 9, "object_id": "5", "object_repr": "CWB 209", "action_flag": 2, "change_message": "[{\"changed\": {\"fields\": [\"Tags\"]}}]"}}, {"model": "admin.logentry", "pk": 99, "fields": {"action_time": "2023-09-16T14:51:21.340Z", "user": 1, "content_type": 9, "object_id": "4", "object_repr": "CWB 200D", "action_flag": 2, "change_message": "[{\"changed\": {\"fields\": [\"Tags\"]}}]"}}, {"model": "admin.logentry", "pk": 100, "fields": {"action_time": "2023-09-16T14:51:32.994Z", "user": 1, "content_type": 9, "object_id": "3", "object_repr": "CWB 167", "action_flag": 2, "change_message": "[{\"changed\": {\"fields\": [\"Tags\"]}}]"}}, {"model": "admin.logentry", "pk": 101, "fields": {"action_time": "2023-09-16T14:51:46.841Z", "user": 1, "content_type": 9, "object_id": "2", "object_repr": "CWB 159", "action_flag": 2, "change_message": "[{\"changed\": {\"fields\": [\"Tags\"]}}]"}}, {"model": "admin.logentry", "pk": 102, "fields": {"action_time": "2023-09-16T14:51:58.635Z", "user": 1, "content_type": 9, "object_id": "1", "object_repr": "CWB 158C", "action_flag": 2, "change_message": "[{\"changed\": {\"fields\": [\"Tags\"]}}]"}}, {"model": "admin.logentry", "pk": 103, "fields": {"action_time": "2023-09-16T15:56:22.773Z", "user": 1, "content_type": 9, "object_id": "12", "object_repr": "CWA 210", "action_flag": 2, "change_message": "[{\"changed\": {\"fields\": [\"Tags\"]}}]"}}, {"model": "admin.logentry", "pk": 104, "fields": {"action_time": "2023-09-16T17:36:49.024Z", "user": 1, "content_type": 11, "object_id": "1", "object_repr": "Makes your wall stand out. Beautiful and classy.", "action_flag": 1, "change_message": "[{\"added\": {}}]"}}, {"model": "admin.logentry", "pk": 105, "fields": {"action_time": "2023-09-16T17:37:29.997Z", "user": 1, "content_type": 11, "object_id": "1", "object_repr": "Makes your wall stand out. Beautiful and classy.", "action_flag": 2, "change_message": "[]"}}, {"model": "admin.logentry", "pk": 106, "fields": {"action_time": "2023-09-16T17:37:41.882Z", "user": 1, "content_type": 11, "object_id": "2", "object_repr": "Makes your wall stand out. Beautiful and classy.", "action_flag": 1, "change_message": "[{\"added\": {}}]"}}, {"model": "admin.logentry", "pk": 107, "fields": {"action_time": "2023-09-16T17:37:57.707Z", "user": 1, "content_type": 11, "object_id": "3", "object_repr": "Makes your wall stand out. Beautiful and classy.", "action_flag": 1, "change_message": "[{\"added\": {}}]"}}, {"model": "admin.logentry", "pk": 108, "fields": {"action_time": "2023-09-16T17:38:11.034Z", "user": 1, "content_type": 11, "object_id": "4", "object_repr": "Makes your wall stand out. Beautiful and classy.", "action_flag": 1, "change_message": "[{\"added\": {}}]"}}, {"model": "admin.logentry", "pk": 109, "fields": {"action_time": "2023-09-16T17:38:26.918Z", "user": 1, "content_type": 11, "object_id": "5", "object_repr": "Makes your wall stand out. Beautiful and classy.", "action_flag": 1, "change_message": "[{\"added\": {}}]"}}, {"model": "admin.logentry", "pk": 110, "fields": {"action_time": "2023-09-16T17:38:44.757Z", "user": 1, "content_type": 11, "object_id": "6", "object_repr": "Makes your wall stand out. Beautiful and classy.", "action_flag": 1, "change_message": "[{\"added\": {}}]"}}, {"model": "admin.logentry", "pk": 111, "fields": {"action_time": "2023-09-16T17:38:57.379Z", "user": 1, "content_type": 11, "object_id": "7", "object_repr": "Makes your wall stand out. Beautiful and classy.", "action_flag": 1, "change_message": "[{\"added\": {}}]"}}, {"model": "admin.logentry", "pk": 112, "fields": {"action_time": "2023-09-16T17:39:18.970Z", "user": 1, "content_type": 11, "object_id": "8", "object_repr": "Makes your wall stand out. Beautiful and classy.", "action_flag": 1, "change_message": "[{\"added\": {}}]"}}, {"model": "admin.logentry", "pk": 113, "fields": {"action_time": "2023-09-16T17:39:33.627Z", "user": 1, "content_type": 11, "object_id": "9", "object_repr": "Makes your wall stand out. Beautiful and classy.", "action_flag": 1, "change_message": "[{\"added\": {}}]"}}, {"model": "admin.logentry", "pk": 114, "fields": {"action_time": "2023-09-16T17:39:53.368Z", "user": 1, "content_type": 11, "object_id": "10", "object_repr": "Makes your wall stand out. Beautiful and classy.", "action_flag": 1, "change_message": "[{\"added\": {}}]"}}, {"model": "admin.logentry", "pk": 115, "fields": {"action_time": "2023-09-16T17:40:09.132Z", "user": 1, "content_type": 11, "object_id": "11", "object_repr": "Makes your wall stand out. Beautiful and classy.", "action_flag": 1, "change_message": "[{\"added\": {}}]"}}, {"model": "admin.logentry", "pk": 116, "fields": {"action_time": "2023-09-16T17:40:25.523Z", "user": 1, "content_type": 11, "object_id": "12", "object_repr": "Makes your wall stand out. Beautiful and classy.", "action_flag": 1, "change_message": "[{\"added\": {}}]"}}, {"model": "admin.logentry", "pk": 117, "fields": {"action_time": "2023-09-16T17:40:39.697Z", "user": 1, "content_type": 11, "object_id": "13", "object_repr": "Makes your wall stand out. Beautiful and classy.", "action_flag": 1, "change_message": "[{\"added\": {}}]"}}, {"model": "admin.logentry", "pk": 118, "fields": {"action_time": "2023-09-16T17:40:52.466Z", "user": 1, "content_type": 11, "object_id": "14", "object_repr": "Makes your wall stand out. Beautiful and classy.", "action_flag": 1, "change_message": "[{\"added\": {}}]"}}, {"model": "admin.logentry", "pk": 119, "fields": {"action_time": "2023-09-16T17:41:06.921Z", "user": 1, "content_type": 11, "object_id": "15", "object_repr": "Makes your wall stand out. Beautiful and classy.", "action_flag": 1, "change_message": "[{\"added\": {}}]"}}, {"model": "admin.logentry", "pk": 120, "fields": {"action_time": "2023-09-16T17:41:20.194Z", "user": 1, "content_type": 11, "object_id": "16", "object_repr": "Makes your wall stand out. Beautiful and classy.", "action_flag": 1, "change_message": "[{\"added\": {}}]"}}, {"model": "admin.logentry", "pk": 121, "fields": {"action_time": "2023-09-16T17:41:33.720Z", "user": 1, "content_type": 11, "object_id": "17", "object_repr": "Makes your wall stand out. Beautiful and classy.", "action_flag": 1, "change_message": "[{\"added\": {}}]"}}, {"model": "admin.logentry", "pk": 122, "fields": {"action_time": "2023-09-16T17:41:49.767Z", "user": 1, "content_type": 11, "object_id": "18", "object_repr": "Makes your wall stand out. Beautiful and classy.", "action_flag": 1, "change_message": "[{\"added\": {}}]"}}, {"model": "admin.logentry", "pk": 123, "fields": {"action_time": "2023-09-21T05:44:21.739Z", "user": 1, "content_type": 14, "object_id": "9", "object_repr": "Games and Tech Devices", "action_flag": 2, "change_message": "[{\"changed\": {\"fields\": [\"Title\"]}}]"}}, {"model": "auth.permission", "pk": 1, "fields": {"name": "Can add log entry", "content_type": 1, "codename": "add_logentry"}}, {"model": "auth.permission", "pk": 2, "fields": {"name": "Can change log entry", "content_type": 1, "codename": "change_logentry"}}, {"model": "auth.permission", "pk": 3, "fields": {"name": "Can delete log entry", "content_type": 1, "codename": "delete_logentry"}}, {"model": "auth.permission", "pk": 4, "fields": {"name": "Can view log entry", "content_type": 1, "codename": "view_logentry"}}, {"model": "auth.permission", "pk": 5, "fields": {"name": "Can add permission", "content_type": 2, "codename": "add_permission"}}, {"model": "auth.permission", "pk": 6, "fields": {"name": "Can change permission", "content_type": 2, "codename": "change_permission"}}, {"model": "auth.permission", "pk": 7, "fields": {"name": "Can delete permission", "content_type": 2, "codename": "delete_permission"}}, {"model": "auth.permission", "pk": 8, "fields": {"name": "Can view permission", "content_type": 2, "codename": "view_permission"}}, {"model": "auth.permission", "pk": 9, "fields": {"name": "Can add group", "content_type": 3, "codename": "add_group"}}, {"model": "auth.permission", "pk": 10, "fields": {"name": "Can change group", "content_type": 3, "codename": "change_group"}}, {"model": "auth.permission", "pk": 11, "fields": {"name": "Can delete group", "content_type": 3, "codename": "delete_group"}}, {"model": "auth.permission", "pk": 12, "fields": {"name": "Can view group", "content_type": 3, "codename": "view_group"}}, {"model": "auth.permission", "pk": 13, "fields": {"name": "Can add content type", "content_type": 4, "codename": "add_contenttype"}}, {"model": "auth.permission", "pk": 14, "fields": {"name": "Can change content type", "content_type": 4, "codename": "change_contenttype"}}, {"model": "auth.permission", "pk": 15, "fields": {"name": "Can delete content type", "content_type": 4, "codename": "delete_contenttype"}}, {"model": "auth.permission", "pk": 16, "fields": {"name": "Can view content type", "content_type": 4, "codename": "view_contenttype"}}, {"model": "auth.permission", "pk": 17, "fields": {"name": "Can add session", "content_type": 5, "codename": "add_session"}}, {"model": "auth.permission", "pk": 18, "fields": {"name": "Can change session", "content_type": 5, "codename": "change_session"}}, {"model": "auth.permission", "pk": 19, "fields": {"name": "Can delete session", "content_type": 5, "codename": "delete_session"}}, {"model": "auth.permission", "pk": 20, "fields": {"name": "Can view session", "content_type": 5, "codename": "view_session"}}, {"model": "auth.permission", "pk": 21, "fields": {"name": "Can add user", "content_type": 6, "codename": "add_user"}}, {"model": "auth.permission", "pk": 22, "fields": {"name": "Can change user", "content_type": 6, "codename": "change_user"}}, {"model": "auth.permission", "pk": 23, "fields": {"name": "Can delete user", "content_type": 6, "codename": "delete_user"}}, {"model": "auth.permission", "pk": 24, "fields": {"name": "Can view user", "content_type": 6, "codename": "view_user"}}, {"model": "auth.permission", "pk": 25, "fields": {"name": "Can add product images", "content_type": 7, "codename": "add_productimages"}}, {"model": "auth.permission", "pk": 26, "fields": {"name": "Can change product images", "content_type": 7, "codename": "change_productimages"}}, {"model": "auth.permission", "pk": 27, "fields": {"name": "Can delete product images", "content_type": 7, "codename": "delete_productimages"}}, {"model": "auth.permission", "pk": 28, "fields": {"name": "Can view product images", "content_type": 7, "codename": "view_productimages"}}, {"model": "auth.permission", "pk": 29, "fields": {"name": "Can add wish list", "content_type": 8, "codename": "add_wishlist"}}, {"model": "auth.permission", "pk": 30, "fields": {"name": "Can change wish list", "content_type": 8, "codename": "change_wishlist"}}, {"model": "auth.permission", "pk": 31, "fields": {"name": "Can delete wish list", "content_type": 8, "codename": "delete_wishlist"}}, {"model": "auth.permission", "pk": 32, "fields": {"name": "Can view wish list", "content_type": 8, "codename": "view_wishlist"}}, {"model": "auth.permission", "pk": 33, "fields": {"name": "Can add product", "content_type": 9, "codename": "add_product"}}, {"model": "auth.permission", "pk": 34, "fields": {"name": "Can change product", "content_type": 9, "codename": "change_product"}}, {"model": "auth.permission", "pk": 35, "fields": {"name": "Can delete product", "content_type": 9, "codename": "delete_product"}}, {"model": "auth.permission", "pk": 36, "fields": {"name": "Can view product", "content_type": 9, "codename": "view_product"}}, {"model": "auth.permission", "pk": 37, "fields": {"name": "Can add address", "content_type": 10, "codename": "add_address"}}, {"model": "auth.permission", "pk": 38, "fields": {"name": "Can change address", "content_type": 10, "codename": "change_address"}}, {"model": "auth.permission", "pk": 39, "fields": {"name": "Can delete address", "content_type": 10, "codename": "delete_address"}}, {"model": "auth.permission", "pk": 40, "fields": {"name": "Can view address", "content_type": 10, "codename": "view_address"}}, {"model": "auth.permission", "pk": 41, "fields": {"name": "Can add product review", "content_type": 11, "codename": "add_productreview"}}, {"model": "auth.permission", "pk": 42, "fields": {"name": "Can change product review", "content_type": 11, "codename": "change_productreview"}}, {"model": "auth.permission", "pk": 43, "fields": {"name": "Can delete product review", "content_type": 11, "codename": "delete_productreview"}}, {"model": "auth.permission", "pk": 44, "fields": {"name": "Can view product review", "content_type": 11, "codename": "view_productreview"}}, {"model": "auth.permission", "pk": 45, "fields": {"name": "Can add tags", "content_type": 12, "codename": "add_tags"}}, {"model": "auth.permission", "pk": 46, "fields": {"name": "Can change tags", "content_type": 12, "codename": "change_tags"}}, {"model": "auth.permission", "pk": 47, "fields": {"name": "Can delete tags", "content_type": 12, "codename": "delete_tags"}}, {"model": "auth.permission", "pk": 48, "fields": {"name": "Can view tags", "content_type": 12, "codename": "view_tags"}}, {"model": "auth.permission", "pk": 49, "fields": {"name": "Can add vendor", "content_type": 13, "codename": "add_vendor"}}, {"model": "auth.permission", "pk": 50, "fields": {"name": "Can change vendor", "content_type": 13, "codename": "change_vendor"}}, {"model": "auth.permission", "pk": 51, "fields": {"name": "Can delete vendor", "content_type": 13, "codename": "delete_vendor"}}, {"model": "auth.permission", "pk": 52, "fields": {"name": "Can view vendor", "content_type": 13, "codename": "view_vendor"}}, {"model": "auth.permission", "pk": 53, "fields": {"name": "Can add category", "content_type": 14, "codename": "add_category"}}, {"model": "auth.permission", "pk": 54, "fields": {"name": "Can change category", "content_type": 14, "codename": "change_category"}}, {"model": "auth.permission", "pk": 55, "fields": {"name": "Can delete category", "content_type": 14, "codename": "delete_category"}}, {"model": "auth.permission", "pk": 56, "fields": {"name": "Can view category", "content_type": 14, "codename": "view_category"}}, {"model": "auth.permission", "pk": 57, "fields": {"name": "Can add cart order items", "content_type": 15, "codename": "add_cartorderitems"}}, {"model": "auth.permission", "pk": 58, "fields": {"name": "Can change cart order items", "content_type": 15, "codename": "change_cartorderitems"}}, {"model": "auth.permission", "pk": 59, "fields": {"name": "Can delete cart order items", "content_type": 15, "codename": "delete_cartorderitems"}}, {"model": "auth.permission", "pk": 60, "fields": {"name": "Can view cart order items", "content_type": 15, "codename": "view_cartorderitems"}}, {"model": "auth.permission", "pk": 61, "fields": {"name": "Can add cart order", "content_type": 16, "codename": "add_cartorder"}}, {"model": "auth.permission", "pk": 62, "fields": {"name": "Can change cart order", "content_type": 16, "codename": "change_cartorder"}}, {"model": "auth.permission", "pk": 63, "fields": {"name": "Can delete cart order", "content_type": 16, "codename": "delete_cartorder"}}, {"model": "auth.permission", "pk": 64, "fields": {"name": "Can view cart order", "content_type": 16, "codename": "view_cartorder"}}, {"model": "auth.permission", "pk": 65, "fields": {"name": "Can add tag", "content_type": 17, "codename": "add_tag"}}, {"model": "auth.permission", "pk": 66, "fields": {"name": "Can change tag", "content_type": 17, "codename": "change_tag"}}, {"model": "auth.permission", "pk": 67, "fields": {"name": "Can delete tag", "content_type": 17, "codename": "delete_tag"}}, {"model": "auth.permission", "pk": 68, "fields": {"name": "Can view tag", "content_type": 17, "codename": "view_tag"}}, {"model": "auth.permission", "pk": 69, "fields": {"name": "Can add tagged item", "content_type": 18, "codename": "add_taggeditem"}}, {"model": "auth.permission", "pk": 70, "fields": {"name": "Can change tagged item", "content_type": 18, "codename": "change_taggeditem"}}, {"model": "auth.permission", "pk": 71, "fields": {"name": "Can delete tagged item", "content_type": 18, "codename": "delete_taggeditem"}}, {"model": "auth.permission", "pk": 72, "fields": {"name": "Can view tagged item", "content_type": 18, "codename": "view_taggeditem"}}, {"model": "contenttypes.contenttype", "pk": 1, "fields": {"app_label": "admin", "model": "logentry"}}, {"model": "contenttypes.contenttype", "pk": 2, "fields": {"app_label": "auth", "model": "permission"}}, {"model": "contenttypes.contenttype", "pk": 3, "fields": {"app_label": "auth", "model": "group"}}, {"model": "contenttypes.contenttype", "pk": 4, "fields": {"app_label": "contenttypes", "model": "contenttype"}}, {"model": "contenttypes.contenttype", "pk": 5, "fields": {"app_label": "sessions", "model": "session"}}, {"model": "contenttypes.contenttype", "pk": 6, "fields": {"app_label": "userauths", "model": "user"}}, {"model": "contenttypes.contenttype", "pk": 7, "fields": {"app_label": "ifnine_core", "model": "productimages"}}, {"model": "contenttypes.contenttype", "pk": 8, "fields": {"app_label": "ifnine_core", "model": "wishlist"}}, {"model": "contenttypes.contenttype", "pk": 9, "fields": {"app_label": "ifnine_core", "model": "product"}}, {"model": "contenttypes.contenttype", "pk": 10, "fields": {"app_label": "ifnine_core", "model": "address"}}, {"model": "contenttypes.contenttype", "pk": 11, "fields": {"app_label": "ifnine_core", "model": "productreview"}}, {"model": "contenttypes.contenttype", "pk": 12, "fields": {"app_label": "ifnine_core", "model": "tags"}}, {"model": "contenttypes.contenttype", "pk": 13, "fields": {"app_label": "ifnine_core", "model": "vendor"}}, {"model": "contenttypes.contenttype", "pk": 14, "fields": {"app_label": "ifnine_core", "model": "category"}}, {"model": "contenttypes.contenttype", "pk": 15, "fields": {"app_label": "ifnine_core", "model": "cartorderitems"}}, {"model": "contenttypes.contenttype", "pk": 16, "fields": {"app_label": "ifnine_core", "model": "cartorder"}}, {"model": "contenttypes.contenttype", "pk": 17, "fields": {"app_label": "taggit", "model": "tag"}}, {"model": "contenttypes.contenttype", "pk": 18, "fields": {"app_label": "taggit", "model": "taggeditem"}}, {"model": "sessions.session", "pk": "6aki4jrpt4972j9q2xwa77g0do0stvh4", "fields": {"session_data": ".eJx9jjtvwzAMhP9KwTkQJNF6ZUzmzh0FPejaaWCntjIUgf97JSBLGjQLAd7dx-MNUliKz6EEP8cT7G8g2yhjORPs4fhxeBPKwQ4uy5iaYp1zzDXlu_zUHWHbgXhm7PF_CCui_iKSv6iRlcCnEm1ePCZhq5AP1zL460qLH3NVBTxoMaQvmpqRT2H6nFmap7KMkbUIu7sre58znQ_37MOBIaxDpbUWfYdkUCYTu5QV8pRdrxQSN0gdZo6Ja7LIyQpMZHnvTOxFtkFjSLD9AsuLc5A:1qjDlz:DwhnN3q8cWhB5Z4Bf7xViEk48Qg8dX9o-z_Vw_QQ88U", "expire_date": "2023-10-05T07:06:51.723Z"}}, {"model": "sessions.session", "pk": "dk4nx7cipvzg5qcyimpr3ast7jevl6wl", "fields": {"session_data": "eyJjYXJ0X2RhdGFfb2JqIjp7IjIiOnsidGl0bGUiOiJDV0IgMTU5IiwicHJpY2UiOiI4OTk5Ljk5IiwicXR5IjozfX19:1qiyYY:XptLJP5y0ko5J7c7XSc14bPrUMXIx9IsSBtRRGOyzTY", "expire_date": "2023-10-04T14:51:58.874Z"}}, {"model": "sessions.session", "pk": "fj5ap5tkn6ytvgrpmhc4zxbymhdau7kc", "fields": {"session_data": ".eJxVjbsOwjAMRX8FZUZRgvtIOpaZmTFyHJcWqgbaMCDUf6eRGGDxcO6512_h8Jl691x4dkMQjdBi_8s80o2nHIQrTpcoKU5pHrzMivymizzFwGP7df8Gelz6rV1VuiuAazhQ7QsKJSgKtitLYFUDFxAUkKrYgGKjgdiozta-08FgBUjbKOGcXMCELvqraN6izCcNaeTtwfHc7g7Kbt59HigTY62VNpNHeolGr-v6AWTJS5E:1qiyLF:AlhUUVy7q7VW_wyBnU3UcIF7t52kXoCPYHB4Gxcldpc", "expire_date": "2023-10-04T14:38:13.131Z"}}, {"model": "sessions.session", "pk": "umwrgunwcli1f6kmd3a1xbel5lh0mfep", "fields": {"session_data": "e30:1qeFS6:obu8VS_8H9hdCRgOtpqp_yga0mzwJ_tx3iPnf2K-gP4", "expire_date": "2023-09-21T13:53:46.605Z"}}, {"model": "taggit.tag", "pk": 1, "fields": {"name": "products", "slug": "products"}}, {"model": "taggit.tag", "pk": 2, "fields": {"name": "wall finishings", "slug": "wall-finishings"}}, {"model": "taggit.tag", "pk": 3, "fields": {"name": "wall panels", "slug": "wall-panels"}}, {"model": "taggit.tag", "pk": 4, "fields": {"name": "3D panels", "slug": "3d-panels"}}, {"model": "taggit.tag", "pk": 5, "fields": {"name": "home improvement", "slug": "home-improvement"}}, {"model": "taggit.taggeditem", "pk": 1, "fields": {"tag": 1, "content_type": 9, "object_id": 16}}, {"model": "taggit.taggeditem", "pk": 2, "fields": {"tag": 2, "content_type": 9, "object_id": 16}}, {"model": "taggit.taggeditem", "pk": 3, "fields": {"tag": 3, "content_type": 9, "object_id": 16}}, {"model": "taggit.taggeditem", "pk": 4, "fields": {"tag": 4, "content_type": 9, "object_id": 16}}, {"model": "taggit.taggeditem", "pk": 5, "fields": {"tag": 5, "content_type": 9, "object_id": 16}}, {"model": "taggit.taggeditem", "pk": 6, "fields": {"tag": 1, "content_type": 9, "object_id": 15}}, {"model": "taggit.taggeditem", "pk": 7, "fields": {"tag": 2, "content_type": 9, "object_id": 15}}, {"model": "taggit.taggeditem", "pk": 8, "fields": {"tag": 3, "content_type": 9, "object_id": 15}}, {"model": "taggit.taggeditem", "pk": 9, "fields": {"tag": 4, "content_type": 9, "object_id": 15}}, {"model": "taggit.taggeditem", "pk": 10, "fields": {"tag": 5, "content_type": 9, "object_id": 15}}, {"model": "taggit.taggeditem", "pk": 11, "fields": {"tag": 1, "content_type": 9, "object_id": 14}}, {"model": "taggit.taggeditem", "pk": 12, "fields": {"tag": 2, "content_type": 9, "object_id": 14}}, {"model": "taggit.taggeditem", "pk": 13, "fields": {"tag": 3, "content_type": 9, "object_id": 14}}, {"model": "taggit.taggeditem", "pk": 14, "fields": {"tag": 4, "content_type": 9, "object_id": 14}}, {"model": "taggit.taggeditem", "pk": 15, "fields": {"tag": 5, "content_type": 9, "object_id": 14}}, {"model": "taggit.taggeditem", "pk": 16, "fields": {"tag": 1, "content_type": 9, "object_id": 13}}, {"model": "taggit.taggeditem", "pk": 17, "fields": {"tag": 2, "content_type": 9, "object_id": 13}}, {"model": "taggit.taggeditem", "pk": 18, "fields": {"tag": 3, "content_type": 9, "object_id": 13}}, {"model": "taggit.taggeditem", "pk": 19, "fields": {"tag": 4, "content_type": 9, "object_id": 13}}, {"model": "taggit.taggeditem", "pk": 20, "fields": {"tag": 5, "content_type": 9, "object_id": 13}}, {"model": "taggit.taggeditem", "pk": 21, "fields": {"tag": 1, "content_type": 9, "object_id": 11}}, {"model": "taggit.taggeditem", "pk": 22, "fields": {"tag": 2, "content_type": 9, "object_id": 11}}, {"model": "taggit.taggeditem", "pk": 23, "fields": {"tag": 3, "content_type": 9, "object_id": 11}}, {"model": "taggit.taggeditem", "pk": 24, "fields": {"tag": 4, "content_type": 9, "object_id": 11}}, {"model": "taggit.taggeditem", "pk": 25, "fields": {"tag": 5, "content_type": 9, "object_id": 11}}, {"model": "taggit.taggeditem", "pk": 26, "fields": {"tag": 1, "content_type": 9, "object_id": 10}}, {"model": "taggit.taggeditem", "pk": 27, "fields": {"tag": 2, "content_type": 9, "object_id": 10}}, {"model": "taggit.taggeditem", "pk": 28, "fields": {"tag": 3, "content_type": 9, "object_id": 10}}, {"model": "taggit.taggeditem", "pk": 29, "fields": {"tag": 4, "content_type": 9, "object_id": 10}}, {"model": "taggit.taggeditem", "pk": 30, "fields": {"tag": 5, "content_type": 9, "object_id": 10}}, {"model": "taggit.taggeditem", "pk": 31, "fields": {"tag": 1, "content_type": 9, "object_id": 9}}, {"model": "taggit.taggeditem", "pk": 32, "fields": {"tag": 2, "content_type": 9, "object_id": 9}}, {"model": "taggit.taggeditem", "pk": 33, "fields": {"tag": 3, "content_type": 9, "object_id": 9}}, {"model": "taggit.taggeditem", "pk": 34, "fields": {"tag": 4, "content_type": 9, "object_id": 9}}, {"model": "taggit.taggeditem", "pk": 35, "fields": {"tag": 5, "content_type": 9, "object_id": 9}}, {"model": "taggit.taggeditem", "pk": 36, "fields": {"tag": 1, "content_type": 9, "object_id": 8}}, {"model": "taggit.taggeditem", "pk": 37, "fields": {"tag": 2, "content_type": 9, "object_id": 8}}, {"model": "taggit.taggeditem", "pk": 38, "fields": {"tag": 3, "content_type": 9, "object_id": 8}}, {"model": "taggit.taggeditem", "pk": 39, "fields": {"tag": 4, "content_type": 9, "object_id": 8}}, {"model": "taggit.taggeditem", "pk": 40, "fields": {"tag": 5, "content_type": 9, "object_id": 8}}, {"model": "taggit.taggeditem", "pk": 41, "fields": {"tag": 1, "content_type": 9, "object_id": 7}}, {"model": "taggit.taggeditem", "pk": 42, "fields": {"tag": 2, "content_type": 9, "object_id": 7}}, {"model": "taggit.taggeditem", "pk": 43, "fields": {"tag": 3, "content_type": 9, "object_id": 7}}, {"model": "taggit.taggeditem", "pk": 44, "fields": {"tag": 4, "content_type": 9, "object_id": 7}}, {"model": "taggit.taggeditem", "pk": 45, "fields": {"tag": 5, "content_type": 9, "object_id": 7}}, {"model": "taggit.taggeditem", "pk": 46, "fields": {"tag": 1, "content_type": 9, "object_id": 6}}, {"model": "taggit.taggeditem", "pk": 47, "fields": {"tag": 2, "content_type": 9, "object_id": 6}}, {"model": "taggit.taggeditem", "pk": 48, "fields": {"tag": 3, "content_type": 9, "object_id": 6}}, {"model": "taggit.taggeditem", "pk": 49, "fields": {"tag": 4, "content_type": 9, "object_id": 6}}, {"model": "taggit.taggeditem", "pk": 50, "fields": {"tag": 5, "content_type": 9, "object_id": 6}}, {"model": "taggit.taggeditem", "pk": 51, "fields": {"tag": 1, "content_type": 9, "object_id": 5}}, {"model": "taggit.taggeditem", "pk": 52, "fields": {"tag": 2, "content_type": 9, "object_id": 5}}, {"model": "taggit.taggeditem", "pk": 53, "fields": {"tag": 3, "content_type": 9, "object_id": 5}}, {"model": "taggit.taggeditem", "pk": 54, "fields": {"tag": 4, "content_type": 9, "object_id": 5}}, {"model": "taggit.taggeditem", "pk": 55, "fields": {"tag": 5, "content_type": 9, "object_id": 5}}, {"model": "taggit.taggeditem", "pk": 56, "fields": {"tag": 1, "content_type": 9, "object_id": 4}}, {"model": "taggit.taggeditem", "pk": 57, "fields": {"tag": 2, "content_type": 9, "object_id": 4}}, {"model": "taggit.taggeditem", "pk": 58, "fields": {"tag": 3, "content_type": 9, "object_id": 4}}, {"model": "taggit.taggeditem", "pk": 59, "fields": {"tag": 4, "content_type": 9, "object_id": 4}}, {"model": "taggit.taggeditem", "pk": 60, "fields": {"tag": 5, "content_type": 9, "object_id": 4}}, {"model": "taggit.taggeditem", "pk": 61, "fields": {"tag": 1, "content_type": 9, "object_id": 3}}, {"model": "taggit.taggeditem", "pk": 62, "fields": {"tag": 2, "content_type": 9, "object_id": 3}}, {"model": "taggit.taggeditem", "pk": 63, "fields": {"tag": 3, "content_type": 9, "object_id": 3}}, {"model": "taggit.taggeditem", "pk": 64, "fields": {"tag": 4, "content_type": 9, "object_id": 3}}, {"model": "taggit.taggeditem", "pk": 65, "fields": {"tag": 5, "content_type": 9, "object_id": 3}}, {"model": "taggit.taggeditem", "pk": 66, "fields": {"tag": 1, "content_type": 9, "object_id": 2}}, {"model": "taggit.taggeditem", "pk": 67, "fields": {"tag": 2, "content_type": 9, "object_id": 2}}, {"model": "taggit.taggeditem", "pk": 68, "fields": {"tag": 3, "content_type": 9, "object_id": 2}}, {"model": "taggit.taggeditem", "pk": 69, "fields": {"tag": 4, "content_type": 9, "object_id": 2}}, {"model": "taggit.taggeditem", "pk": 70, "fields": {"tag": 5, "content_type": 9, "object_id": 2}}, {"model": "taggit.taggeditem", "pk": 71, "fields": {"tag": 1, "content_type": 9, "object_id": 1}}, {"model": "taggit.taggeditem", "pk": 72, "fields": {"tag": 2, "content_type": 9, "object_id": 1}}, {"model": "taggit.taggeditem", "pk": 73, "fields": {"tag": 3, "content_type": 9, "object_id": 1}}, {"model": "taggit.taggeditem", "pk": 74, "fields": {"tag": 4, "content_type": 9, "object_id": 1}}, {"model": "taggit.taggeditem", "pk": 75, "fields": {"tag": 5, "content_type": 9, "object_id": 1}}, {"model": "taggit.taggeditem", "pk": 76, "fields": {"tag": 1, "content_type": 9, "object_id": 12}}, {"model": "taggit.taggeditem", "pk": 77, "fields": {"tag": 2, "content_type": 9, "object_id": 12}}, {"model": "taggit.taggeditem", "pk": 78, "fields": {"tag": 3, "content_type": 9, "object_id": 12}}, {"model": "taggit.taggeditem", "pk": 79, "fields": {"tag": 4, "content_type": 9, "object_id": 12}}, {"model": "taggit.taggeditem", "pk": 80, "fields": {"tag": 5, "content_type": 9, "object_id": 12}}, {"model": "ifnine_core.category", "pk": 1, "fields": {"cid": "catgaffhe1fbc", "title": "Interior Finishings", "image": "category/pexels-max-rahubovskiy-6447390_1.jpg"}}, {"model": "ifnine_core.category", "pk": 2, "fields": {"cid": "cat34cc1a2213", "title": "Clothings", "image": "category/clothings_cat2.jpg"}}, {"model": "ifnine_core.category", "pk": 3, "fields": {"cid": "cat4efca5d5dh", "title": "Shoes", "image": "category/footwears_cat2.jpg"}}, {"model": "ifnine_core.category", "pk": 4, "fields": {"cid": "cat5e1ehhedeg", "title": "Smart Home Gadgets", "image": "category/smart_home.jpg"}}, {"model": "ifnine_core.category", "pk": 5, "fields": {"cid": "cat3421332cch", "title": "Phones and Computers", "image": "category/pexels-iurii-laimin-9555099.jpg"}}, {"model": "ifnine_core.category", "pk": 7, "fields": {"cid": "cat5fb1f522fd", "title": "Furniture  and lightings", "image": "category/pexels-jonathan-borba-3316924_1.jpg"}}, {"model": "ifnine_core.category", "pk": 8, "fields": {"cid": "cat3eg5c5445b", "title": "Jewelry", "image": "category/pexels-mister-mister-380782_1.jpg"}}, {"model": "ifnine_core.category", "pk": 9, "fields": {"cid": "cat4a3gd3hd5a", "title": "Games and Tech Devices", "image": "category/pexels-alex-urezkov-10095766_1.jpg"}}, {"model": "ifnine_core.category", "pk": 10, "fields": {"cid": "cat3eb12h2b4h", "title": "Smart KeyLocks", "image": "category/smart_keylocks_cat2.jpg"}}, {"model": "ifnine_core.category", "pk": 11, "fields": {"cid": "cat44b5affbf1", "title": "Cameras & Camcoders", "image": "category/pexels-alex-andrews-1983036_1.jpg"}}, {"model": "ifnine_core.vendor", "pk": 1, "fields": {"vid": "ven42cd1ecbad", "title": "OHP Finishings Ltd", "image": "user_9/logo2_WI0rENW.png", "cover_image": "user_9/OHP_cover.jpg", "description": "Interior Finishings Company", "contact": "+234 (8188) 844722", "address": "121 Ikorodu Road, Onipanu, Lagos, Nigeria", "category": 1, "chat_resp_time": "100", "shipping_on_time": "100", "authentic_rating": "100", "warranty_period": "100", "user": 9, "date": "2023-09-12T11:35:43.047Z"}}, {"model": "ifnine_core.product", "pk": 1, "fields": {"pid": "prd4ch4gecbe3", "user": 9, "category": 1, "vendor": 1, "title": "CWB 158C", "image": "user_9/CWB-158C-aa1.jpg", "description": "CWB 158C Fluted Panels", "price": "8999.99", "old_price": "11999.99", "specifications": "CWB 158C Fluted Panels", "stock_count": "10", "mfd_date": null, "product_status": "published", "status": true, "in_stock": true, "featured": true, "digital": false, "sku": "sku26858", "date": "2023-09-10T12:10:03.134Z", "updated": null}}, {"model": "ifnine_core.product", "pk": 2, "fields": {"pid": "prd432eafe5hc", "user": 9, "category": 1, "vendor": 1, "title": "CWB 159", "image": "user_9/CWB-159-aa1.jpg", "description": "CWB 159 Fluted Panels", "price": "8999.99", "old_price": "11999.99", "specifications": "CWB 159 Fluted Panels", "stock_count": "10", "mfd_date": null, "product_status": "published", "status": true, "in_stock": true, "featured": true, "digital": false, "sku": "sku48772", "date": "2023-09-10T12:11:45.780Z", "updated": null}}, {"model": "ifnine_core.product", "pk": 3, "fields": {"pid": "prd51g254b33e", "user": 9, "category": 1, "vendor": 1, "title": "CWB 167", "image": "user_9/CWB-167-2-1.jpg", "description": "CWB 167 Fluted Panels", "price": "8999.99", "old_price": "11999.99", "specifications": "This is a product specification", "stock_count": "10", "mfd_date": null, "product_status": "published", "status": true, "in_stock": true, "featured": true, "digital": false, "sku": "sku33011", "date": "2023-09-10T12:13:28.085Z", "updated": null}}, {"model": "ifnine_core.product", "pk": 4, "fields": {"pid": "prd51dcc3hagb", "user": 9, "category": 1, "vendor": 1, "title": "CWB 200D", "image": "user_9/CWB-200D-aa-1.jpg", "description": "CWB 200D Fluted Panels", "price": "8999.99", "old_price": "11999.99", "specifications": "This is a product specification", "stock_count": "10", "mfd_date": null, "product_status": "published", "status": true, "in_stock": true, "featured": true, "digital": false, "sku": "sku20334", "date": "2023-09-10T12:15:32.128Z", "updated": null}}, {"model": "ifnine_core.product", "pk": 5, "fields": {"pid": "prd2e44heca55", "user": 9, "category": 1, "vendor": 1, "title": "CWB 209", "image": "user_9/CWB-209-aa1.jpg", "description": "CWB 209 Fluted Panels", "price": "8999.99", "old_price": "11999.99", "specifications": "This is a product specification", "stock_count": "10", "mfd_date": null, "product_status": "published", "status": true, "in_stock": true, "featured": true, "digital": false, "sku": "sku69294", "date": "2023-09-10T12:17:29.058Z", "updated": null}}, {"model": "ifnine_core.product", "pk": 6, "fields": {"pid": "prdbfg352deb5", "user": 9, "category": 1, "vendor": 1, "title": "CWC 610", "image": "user_9/CWC-610-a4.jpg", "description": "CWC 610 Fluted Panels", "price": "9999.99", "old_price": "12999.99", "specifications": "This is a product specification", "stock_count": "10", "mfd_date": null, "product_status": "published", "status": true, "in_stock": true, "featured": true, "digital": false, "sku": "sku64571", "date": "2023-09-10T12:19:24.287Z", "updated": null}}, {"model": "ifnine_core.product", "pk": 7, "fields": {"pid": "prd34d3fbb113", "user": 9, "category": 1, "vendor": 1, "title": "CWB 250S", "image": "user_9/CWB-250S-aa-1.jpg", "description": "CWB 250S Fluted Panels", "price": "10999.99", "old_price": "13999.99", "specifications": "This is a product specification", "stock_count": "10", "mfd_date": null, "product_status": "published", "status": true, "in_stock": true, "featured": true, "digital": false, "sku": "sku15129", "date": "2023-09-10T12:58:53.101Z", "updated": null}}, {"model": "ifnine_core.product", "pk": 8, "fields": {"pid": "prdd2eee4hbh3", "user": 9, "category": 1, "vendor": 1, "title": "CWB 204", "image": "user_9/CWB-204-aa-1.jpg", "description": "CWB 204 Fluted Panels", "price": "9999.99", "old_price": "12999.99", "specifications": "This is a product specification", "stock_count": "10", "mfd_date": null, "product_status": "published", "status": true, "in_stock": true, "featured": true, "digital": false, "sku": "sku50827", "date": "2023-09-10T13:00:28.846Z", "updated": null}}, {"model": "ifnine_core.product", "pk": 9, "fields": {"pid": "prd542hf3d5d2", "user": 9, "category": 1, "vendor": 1, "title": "CWB 200C", "image": "user_9/CWB-200C-aa-2.jpg", "description": "CWB 200C Fluted Panels", "price": "9999.99", "old_price": "12999.99", "specifications": "This is a product specification", "stock_count": "10", "mfd_date": null, "product_status": "published", "status": true, "in_stock": true, "featured": true, "digital": false, "sku": "sku58448", "date": "2023-09-10T13:02:12.113Z", "updated": null}}, {"model": "ifnine_core.product", "pk": 10, "fields": {"pid": "prd2ca154342c", "user": 9, "category": 1, "vendor": 1, "title": "CWA 120", "image": "user_9/CWA-120-aa1.jpg", "description": "CWA 120 Fluted Panels", "price": "8999.99", "old_price": "11999.99", "specifications": "This is a product specification", "stock_count": "10", "mfd_date": null, "product_status": "published", "status": true, "in_stock": true, "featured": true, "digital": false, "sku": "sku67431", "date": "2023-09-10T13:03:46.407Z", "updated": null}}, {"model": "ifnine_core.product", "pk": 11, "fields": {"pid": "prd4hea542131", "user": 9, "category": 1, "vendor": 1, "title": "CWA 163", "image": "user_9/CWA-163-aa1.jpg", "description": "CWA 163 Fluted Panels", "price": "8999.99", "old_price": "11999.99", "specifications": "This is a product specification", "stock_count": "10", "mfd_date": null, "product_status": "published", "status": true, "in_stock": true, "featured": true, "digital": false, "sku": "sku80717", "date": "2023-09-10T13:05:25.388Z", "updated": null}}, {"model": "ifnine_core.product", "pk": 12, "fields": {"pid": "prd3b341f4f1g", "user": 9, "category": 1, "vendor": 1, "title": "CWA 210", "image": "user_9/CWA-210-a3.jpg", "description": "CWA 210 Fluted Panels", "price": "9999.99", "old_price": "12999.99", "specifications": "This is a product specification", "stock_count": "10", "mfd_date": null, "product_status": "published", "status": true, "in_stock": true, "featured": true, "digital": false, "sku": "sku95616", "date": "2023-09-10T13:07:05.740Z", "updated": null}}, {"model": "ifnine_core.product", "pk": 13, "fields": {"pid": "prd3cghefffh5", "user": 9, "category": 1, "vendor": 1, "title": "CWB 159B", "image": "user_9/CWB-159B.jpg", "description": "CWB 159B Fluted Panels", "price": "9999.99", "old_price": "12999.99", "specifications": "This is a product specification", "stock_count": "10", "mfd_date": null, "product_status": "published", "status": true, "in_stock": true, "featured": true, "digital": false, "sku": "sku96998", "date": "2023-09-10T13:09:33.245Z", "updated": null}}, {"model": "ifnine_core.product", "pk": 14, "fields": {"pid": "prd4gfeada5bc", "user": 9, "category": 1, "vendor": 1, "title": "CWB 159C", "image": "user_9/CWB-159C-A02.jpg", "description": "CWB 159C Fluted Panels", "price": "8999.99", "old_price": "12999.99", "specifications": "This is a product specification", "stock_count": "10", "mfd_date": null, "product_status": "published", "status": true, "in_stock": true, "featured": true, "digital": false, "sku": "sku65506", "date": "2023-09-10T13:12:19.868Z", "updated": null}}, {"model": "ifnine_core.product", "pk": 15, "fields": {"pid": "prd3dbeaf31ec", "user": 9, "category": 1, "vendor": 1, "title": "CWB 177", "image": "user_9/CWB-177-aa1.jpg", "description": "CWB 177 Fluted Panels", "price": "8999.99", "old_price": "12999.99", "specifications": "This is a product specification", "stock_count": "10", "mfd_date": null, "product_status": "published", "status": true, "in_stock": true, "featured": true, "digital": false, "sku": "sku83363", "date": "2023-09-10T13:17:12.381Z", "updated": null}}, {"model": "ifnine_core.product", "pk": 16, "fields": {"pid": "prd3ab2cege5d", "user": 9, "category": 1, "vendor": 1, "title": "CWB 188", "image": "user_9/CWB-188.jpg", "description": "CWB 188 Fluted Panels", "price": "9999.99", "old_price": "12999.99", "specifications": "This is a product specification", "stock_count": "10", "mfd_date": null, "product_status": "published", "status": true, "in_stock": true, "featured": true, "digital": false, "sku": "sku24599", "date": "2023-09-10T13:19:08.000Z", "updated": null}}, {"model": "ifnine_core.productimages", "pk": 1, "fields": {"product": 1, "images": "product-images/CWB-158C-aa2.jpg", "date": "2023-09-10T12:10:03.139Z"}}, {"model": "ifnine_core.productimages", "pk": 2, "fields": {"product": 1, "images": "product-images/CWB-158C-aa3.jpg", "date": "2023-09-10T12:10:03.141Z"}}, {"model": "ifnine_core.productimages", "pk": 3, "fields": {"product": 1, "images": "product-images/CWB-158C-aa5.jpg", "date": "2023-09-10T12:10:03.144Z"}}, {"model": "ifnine_core.productimages", "pk": 4, "fields": {"product": 2, "images": "product-images/CWB-159-aa2.jpg", "date": "2023-09-10T12:11:45.806Z"}}, {"model": "ifnine_core.productimages", "pk": 5, "fields": {"product": 2, "images": "product-images/CWB-159-aa3.jpg", "date": "2023-09-10T12:11:45.811Z"}}, {"model": "ifnine_core.productimages", "pk": 6, "fields": {"product": 2, "images": "product-images/CWB-159-aa5.jpg", "date": "2023-09-10T12:11:45.813Z"}}, {"model": "ifnine_core.productimages", "pk": 7, "fields": {"product": 3, "images": "product-images/CWB-167-3-1.jpg", "date": "2023-09-10T12:13:28.114Z"}}, {"model": "ifnine_core.productimages", "pk": 8, "fields": {"product": 3, "images": "product-images/CWB-167-4-1.jpg", "date": "2023-09-10T12:13:28.117Z"}}, {"model": "ifnine_core.productimages", "pk": 9, "fields": {"product": 3, "images": "product-images/CWB-167-5-1.jpg", "date": "2023-09-10T12:13:28.119Z"}}, {"model": "ifnine_core.productimages", "pk": 10, "fields": {"product": 4, "images": "product-images/CWB-200D-aa-2.jpg", "date": "2023-09-10T12:15:32.160Z"}}, {"model": "ifnine_core.productimages", "pk": 11, "fields": {"product": 4, "images": "product-images/CWB-200D-aa-3.jpg", "date": "2023-09-10T12:15:32.162Z"}}, {"model": "ifnine_core.productimages", "pk": 12, "fields": {"product": 4, "images": "product-images/CWB-200D-aa-4.jpg", "date": "2023-09-10T12:15:32.164Z"}}, {"model": "ifnine_core.productimages", "pk": 13, "fields": {"product": 5, "images": "product-images/CWB-209-aa2.jpg", "date": "2023-09-10T12:17:29.064Z"}}, {"model": "ifnine_core.productimages", "pk": 14, "fields": {"product": 5, "images": "product-images/CWB-209-aa3.jpg", "date": "2023-09-10T12:17:29.067Z"}}, {"model": "ifnine_core.productimages", "pk": 15, "fields": {"product": 5, "images": "product-images/CWB-209-aa5.jpg", "date": "2023-09-10T12:17:29.070Z"}}, {"model": "ifnine_core.productimages", "pk": 16, "fields": {"product": 6, "images": "product-images/CWC-610-a3.jpg", "date": "2023-09-10T12:19:24.329Z"}}, {"model": "ifnine_core.productimages", "pk": 17, "fields": {"product": 6, "images": "product-images/CWC-610-aa1.jpg", "date": "2023-09-10T12:19:24.331Z"}}, {"model": "ifnine_core.productimages", "pk": 18, "fields": {"product": 6, "images": "product-images/CWC-610-a5.jpg", "date": "2023-09-10T12:19:24.391Z"}}, {"model": "ifnine_core.productimages", "pk": 19, "fields": {"product": 7, "images": "product-images/CWB-250S-aa-2.jpg", "date": "2023-09-10T12:58:53.106Z"}}, {"model": "ifnine_core.productimages", "pk": 20, "fields": {"product": 7, "images": "product-images/CWB-250S-aa-3.jpg", "date": "2023-09-10T12:58:53.109Z"}}, {"model": "ifnine_core.productimages", "pk": 21, "fields": {"product": 7, "images": "product-images/CWB-250S-aa-5.jpg", "date": "2023-09-10T12:58:53.111Z"}}, {"model": "ifnine_core.productimages", "pk": 22, "fields": {"product": 8, "images": "product-images/CWB-204-aa-2.jpg", "date": "2023-09-10T13:00:28.881Z"}}, {"model": "ifnine_core.productimages", "pk": 23, "fields": {"product": 8, "images": "product-images/CWB-204-aa-3.jpg", "date": "2023-09-10T13:00:28.883Z"}}, {"model": "ifnine_core.productimages", "pk": 24, "fields": {"product": 8, "images": "product-images/CWB-204-aa-5.jpg", "date": "2023-09-10T13:00:28.888Z"}}, {"model": "ifnine_core.productimages", "pk": 25, "fields": {"product": 9, "images": "product-images/CWB-200C-aa-2.jpg", "date": "2023-09-10T13:02:12.167Z"}}, {"model": "ifnine_core.productimages", "pk": 26, "fields": {"product": 9, "images": "product-images/CWB-200C-aa-3.jpg", "date": "2023-09-10T13:02:12.170Z"}}, {"model": "ifnine_core.productimages", "pk": 27, "fields": {"product": 9, "images": "product-images/CWB-200C-aa-5.jpg", "date": "2023-09-10T13:02:12.173Z"}}, {"model": "ifnine_core.productimages", "pk": 28, "fields": {"product": 10, "images": "product-images/CWA-120-aa2.jpg", "date": "2023-09-10T13:03:46.433Z"}}, {"model": "ifnine_core.productimages", "pk": 29, "fields": {"product": 10, "images": "product-images/CWA-120-aa3.jpg", "date": "2023-09-10T13:03:46.436Z"}}, {"model": "ifnine_core.productimages", "pk": 30, "fields": {"product": 10, "images": "product-images/CWA-120-aa4.jpg", "date": "2023-09-10T13:03:46.438Z"}}, {"model": "ifnine_core.productimages", "pk": 31, "fields": {"product": 11, "images": "product-images/CWA-163-aa2.jpg", "date": "2023-09-10T13:05:25.420Z"}}, {"model": "ifnine_core.productimages", "pk": 32, "fields": {"product": 11, "images": "product-images/CWA-163-aa3.jpg", "date": "2023-09-10T13:05:25.423Z"}}, {"model": "ifnine_core.productimages", "pk": 33, "fields": {"product": 11, "images": "product-images/CWA-163-aa5.jpg", "date": "2023-09-10T13:05:25.425Z"}}, {"model": "ifnine_core.productimages", "pk": 34, "fields": {"product": 12, "images": "product-images/CWA-210-aa1.jpg", "date": "2023-09-10T13:07:05.786Z"}}, {"model": "ifnine_core.productimages", "pk": 35, "fields": {"product": 12, "images": "product-images/CWA-210-a4.jpg", "date": "2023-09-10T13:07:05.822Z"}}, {"model": "ifnine_core.productimages", "pk": 36, "fields": {"product": 12, "images": "product-images/CWA-210-a5.jpg", "date": "2023-09-10T13:07:05.824Z"}}, {"model": "ifnine_core.productimages", "pk": 37, "fields": {"product": 13, "images": "product-images/CWB-159B-1.jpg", "date": "2023-09-10T13:09:33.260Z"}}, {"model": "ifnine_core.productimages", "pk": 38, "fields": {"product": 13, "images": "product-images/CWB-159B-2.jpg", "date": "2023-09-10T13:09:33.262Z"}}, {"model": "ifnine_core.productimages", "pk": 39, "fields": {"product": 13, "images": "product-images/CWB-159B-4.jpg", "date": "2023-09-10T13:09:33.265Z"}}, {"model": "ifnine_core.productimages", "pk": 40, "fields": {"product": 14, "images": "product-images/CWB-159C-A03.jpg", "date": "2023-09-10T13:12:19.951Z"}}, {"model": "ifnine_core.productimages", "pk": 41, "fields": {"product": 14, "images": "product-images/CWB-159C-A04.jpg", "date": "2023-09-10T13:12:19.953Z"}}, {"model": "ifnine_core.productimages", "pk": 42, "fields": {"product": 14, "images": "product-images/CWB-159C-A05.jpg", "date": "2023-09-10T13:12:19.955Z"}}, {"model": "ifnine_core.productimages", "pk": 43, "fields": {"product": 15, "images": "product-images/CWB-177-aa2.jpg", "date": "2023-09-10T13:17:12.401Z"}}, {"model": "ifnine_core.productimages", "pk": 44, "fields": {"product": 15, "images": "product-images/CWB-177-aa3.jpg", "date": "2023-09-10T13:17:12.404Z"}}, {"model": "ifnine_core.productimages", "pk": 45, "fields": {"product": 15, "images": "product-images/CWB-177-aa5.jpg", "date": "2023-09-10T13:17:12.407Z"}}, {"model": "ifnine_core.productimages", "pk": 46, "fields": {"product": 16, "images": "product-images/CWB-188-1.jpg", "date": "2023-09-10T13:19:08.021Z"}}, {"model": "ifnine_core.productimages", "pk": 47, "fields": {"product": 16, "images": "product-images/CWB-188-2.jpg", "date": "2023-09-10T13:19:08.024Z"}}, {"model": "ifnine_core.productimages", "pk": 48, "fields": {"product": 16, "images": "product-images/CWB-188-3.jpg", "date": "2023-09-10T13:19:08.030Z"}}, {"model": "ifnine_core.productreview", "pk": 1, "fields": {"user": 1, "product": 1, "rating": 4, "review": "Makes your wall stand out. Beautiful and classy.", "date": "2023-09-16T17:36:49.022Z"}}, {"model": "ifnine_core.productreview", "pk": 2, "fields": {"user": 1, "product": 2, "rating": 4, "review": "Makes your wall stand out. Beautiful and classy.", "date": "2023-09-16T17:37:41.879Z"}}, {"model": "ifnine_core.productreview", "pk": 3, "fields": {"user": 1, "product": 3, "rating": 4, "review": "Makes your wall stand out. Beautiful and classy.", "date": "2023-09-16T17:37:57.705Z"}}, {"model": "ifnine_core.productreview", "pk": 4, "fields": {"user": 1, "product": 1, "rating": 4, "review": "Makes your wall stand out. Beautiful and classy.", "date": "2023-09-16T17:38:11.030Z"}}, {"model": "ifnine_core.productreview", "pk": 5, "fields": {"user": 1, "product": 5, "rating": 4, "review": "Makes your wall stand out. Beautiful and classy.", "date": "2023-09-16T17:38:26.914Z"}}, {"model": "ifnine_core.productreview", "pk": 6, "fields": {"user": 1, "product": 6, "rating": 4, "review": "Makes your wall stand out. Beautiful and classy.", "date": "2023-09-16T17:38:44.755Z"}}, {"model": "ifnine_core.productreview", "pk": 7, "fields": {"user": 1, "product": 7, "rating": 4, "review": "Makes your wall stand out. Beautiful and classy.", "date": "2023-09-16T17:38:57.377Z"}}, {"model": "ifnine_core.productreview", "pk": 8, "fields": {"user": 1, "product": 8, "rating": 4, "review": "Makes your wall stand out. Beautiful and classy.", "date": "2023-09-16T17:39:18.968Z"}}, {"model": "ifnine_core.productreview", "pk": 9, "fields": {"user": 1, "product": 9, "rating": 4, "review": "Makes your wall stand out. Beautiful and classy.", "date": "2023-09-16T17:39:33.625Z"}}, {"model": "ifnine_core.productreview", "pk": 10, "fields": {"user": 1, "product": 10, "rating": 4, "review": "Makes your wall stand out. Beautiful and classy.", "date": "2023-09-16T17:39:53.364Z"}}, {"model": "ifnine_core.productreview", "pk": 11, "fields": {"user": 1, "product": 11, "rating": 5, "review": "Makes your wall stand out. Beautiful and classy.", "date": "2023-09-16T17:40:09.130Z"}}, {"model": "ifnine_core.productreview", "pk": 12, "fields": {"user": 1, "product": 12, "rating": 4, "review": "Makes your wall stand out. Beautiful and classy.", "date": "2023-09-16T17:40:25.512Z"}}, {"model": "ifnine_core.productreview", "pk": 13, "fields": {"user": 1, "product": 12, "rating": 5, "review": "Makes your wall stand out. Beautiful and classy.", "date": "2023-09-16T17:40:39.695Z"}}, {"model": "ifnine_core.productreview", "pk": 14, "fields": {"user": 1, "product": 13, "rating": 4, "review": "Makes your wall stand out. Beautiful and classy.", "date": "2023-09-16T17:40:52.464Z"}}, {"model": "ifnine_core.productreview", "pk": 15, "fields": {"user": 1, "product": 13, "rating": 4, "review": "Makes your wall stand out. Beautiful and classy.", "date": "2023-09-16T17:41:06.915Z"}}, {"model": "ifnine_core.productreview", "pk": 16, "fields": {"user": 1, "product": 14, "rating": 4, "review": "Makes your wall stand out. Beautiful and classy.", "date": "2023-09-16T17:41:20.192Z"}}, {"model": "ifnine_core.productreview", "pk": 17, "fields": {"user": 1, "product": 15, "rating": 4, "review": "Makes your wall stand out. Beautiful and classy.", "date": "2023-09-16T17:41:33.717Z"}}, {"model": "ifnine_core.productreview", "pk": 18, "fields": {"user": 1, "product": 16, "rating": 4, "review": "Makes your wall stand out. Beautiful and classy.", "date": "2023-09-16T17:41:49.124Z"}}, {"model": "userauths.user", "pk": 1, "fields": {"password": "pbkdf2_sha256$600000$3spowhpbYzmsk8ZglFG5HV$bEZWME25BpkN9ngBlD3Bmh/ifH3FBqXeEwyRHHYbgJE=", "last_login": "2023-09-21T05:43:33.302Z", "is_superuser": true, "first_name": "", "last_name": "", "is_staff": true, "is_active": true, "date_joined": "2023-09-05T08:19:22Z", "email": "stiloonwa4u@yahoo.com", "username": "Kachiii", "bio": null, "groups": [], "user_permissions": []}}, {"model": "userauths.user", "pk": 2, "fields": {"password": "pbkdf2_sha256$600000$nZ4wvQpZ7J1jeDXmUFyt5N$WXaZaQOqwN5l33LHiKVbFSl1RoJakYx0Q9Se6TrRWdU=", "last_login": "2023-09-07T12:55:49.114Z", "is_superuser": false, "first_name": "", "last_name": "", "is_staff": false, "is_active": true, "date_joined": "2023-09-07T12:55:46.879Z", "email": "judyprehagg703@gmail.com", "username": "Judy", "bio": null, "groups": [], "user_permissions": []}}, {"model": "userauths.user", "pk": 3, "fields": {"password": "pbkdf2_sha256$600000$oZ4qytuNWvITd7QR5miNRc$PG+PfSQjUTabXdLT4TUgA1Ji703Wj4/UNPOnewTXuUw=", "last_login": "2023-09-07T13:53:46.714Z", "is_superuser": false, "first_name": "", "last_name": "", "is_staff": false, "is_active": true, "date_joined": "2023-09-07T13:53:44.723Z", "email": "guyman@gmail.com", "username": "francis", "bio": null, "groups": [], "user_permissions": []}}, {"model": "userauths.user", "pk": 4, "fields": {"password": "pbkdf2_sha256$600000$1ywCiahrdeXvCPFS2EpbNV$el1xvWF1bYBxT8f3nTjr/qVq5nv12pmeQQBmVcH3oZg=", "last_login": "2023-09-07T14:29:41.353Z", "is_superuser": false, "first_name": "", "last_name": "", "is_staff": false, "is_active": true, "date_joined": "2023-09-07T14:29:39.570Z", "email": "ana@gmail.com", "username": "Ana", "bio": null, "groups": [], "user_permissions": []}}, {"model": "userauths.user", "pk": 5, "fields": {"password": "pbkdf2_sha256$600000$4MmJugtyy9uUwA5sMIG0ay$na8YVS1NZoJAtX4TrUOtB8fheH70EWms2rSWehYJbqM=", "last_login": "2023-09-08T15:17:35.760Z", "is_superuser": false, "first_name": "", "last_name": "", "is_staff": false, "is_active": true, "date_joined": "2023-09-08T15:17:34.015Z", "email": "happy@gmail.com", "username": "ifeana", "bio": null, "groups": [], "user_permissions": []}}, {"model": "userauths.user", "pk": 6, "fields": {"password": "pbkdf2_sha256$600000$NDxKspkAutRO9SM98r7Wfa$intIpd41bye+F3jKiHNedZLbDvjp0QAsEdU+eO7ZY0A=", "last_login": "2023-09-08T15:26:36.031Z", "is_superuser": false, "first_name": "", "last_name": "", "is_staff": false, "is_active": true, "date_joined": "2023-09-08T15:26:34.751Z", "email": "cram@yahoo.com", "username": "cram", "bio": null, "groups": [], "user_permissions": []}}, {"model": "userauths.user", "pk": 7, "fields": {"password": "pbkdf2_sha256$600000$8cFOhwbAhaDtG4EZ2gPdC7$vkYll/nRZd7PCsaK39kI8RTiTTdoLM4QUBB1DLDWUWE=", "last_login": "2023-09-08T15:57:23.613Z", "is_superuser": false, "first_name": "", "last_name": "", "is_staff": false, "is_active": true, "date_joined": "2023-09-08T15:57:22.081Z", "email": "stiloonwa4u@gmail.com", "username": "Onyeka", "bio": null, "groups": [], "user_permissions": []}}, {"model": "userauths.user", "pk": 8, "fields": {"password": "pbkdf2_sha256$600000$rKHAHMZhi9BuXt40S0BRhS$YerD4Svd9LqtsBtXMRs4nJ9FwGr30prH5efp/WqCVss=", "last_login": "2023-09-08T17:16:44.574Z", "is_superuser": false, "first_name": "", "last_name": "", "is_staff": false, "is_active": true, "date_joined": "2023-09-08T17:16:43.135Z", "email": "badboy@gmail.com", "username": "bad", "bio": null, "groups": [], "user_permissions": []}}, {"model": "userauths.user", "pk": 9, "fields": {"password": "Ohp@simisplace", "last_login": null, "is_superuser": false, "first_name": "OHP", "last_name": "Finishings", "is_staff": false, "is_active": true, "date_joined": "2023-09-10T11:15:23Z", "email": "ohpfinishingsltd@yahoo.com", "username": "OHP Finishings", "bio": "The best in Interior Finishings", "groups": [], "user_permissions": []}}]
